<sect1>
	<title>Buffer Overflows</title>
	<para>Attackers use buffer overflows to corrupt the execution stack of a web application. By sending carefully crafted input to a web application, an attacker can cause the web application to execute arbitrary code - effectively taking over the machine. Buffer overflows are not easy to discover and even when one is discovered, it is generally extremely difficult to exploit. Nevertheless, attackers have managed to identify buffer overflows in a staggering array of products and components. Another very similar class of flaws is known as format string attacks.
	</para>
	<para>Buffer overflow flaws can be present in both the web server or application server products that serve the static and dynamic aspects of the site, or the web application itself. Buffer overflows found in widely used server products are likely to become widely known and can pose a significant risk to users of these products. When web applications use libraries, such as a graphics library to generate images, they open themselves to potential buffer overflow attacks. Literature on the topic of buffer overflows against widely used products is widely available. But, buffer overflows can also be found in custom web application code, and may even be more likely given the lack of scrutiny that web applications typically go through.
	</para>
	<para>Buffer overflow flaws in custom web applications are less likely to be detected because there will normally be far fewer hackers trying to find and exploit such flaws in a specific application. If discovered in a custom application, the ability to exploit the flaw (other than to crash the application) is significantly reduced by the fact that the source code and detailed error messages for the application may not be available to the hacker. However, buffer overflow attacks against customized web applications can sometimes lead to interesting results. In some cases, we have discovered that sending large inputs can cause the web application or the back-end database to malfunction. Depending upon the component that is malfunctioning, and the severity of the malfunction, it is possible to cause a denial of service attack against the web site. In other cases, large inputs cause the web application to output an error message. Typically, this error message relates to a function in the code being unable to process the large amount of data. This can reveal critical information about the web technologies being used.
	</para>
	<para>Almost all known web servers, application servers and web application environments are susceptible to buffer overflows, the notable exception being Java and J2EE environments, which are immune to these attacks (except for overflows in the JVM itself).
	</para>
</sect1>

<sect1>
	<title>Further reading</title>
	<para>Aleph One, &quot;Smashing the Stack for fun and profit&quot;, http://www.phrack.com/show.php?p+49&amp;a+14
	</para>
	<para>Mark Donaldson, &quot;Inside the buffer Overflow Attack: Mechanism, method, &amp; Prevention,&quot; http://rr.sans.org/code/inside_buffer.php
	</para>
</sect1>

<sect1>
	<title>Mitigation Techniques</title>
	<para>Keep up with the latest bug reports for your web and application server products and other products in your Internet infrastructure. Apply the latest patches to these products. Periodically scan your website with one or more of the commonly available scanners that look for buffer overflow flaws in your server products and your custom web applications. For your custom application code, you need to review all code that accepts input from users via the HTTP request and ensure that it provides appropriate size checking on all such inputs. This should be done even for environments that are not susceptible to such attacks as overly large inputs that are uncaught may still cause denial of service or other operational problems.
	</para>
</sect1>

