<!-- $Id: guide_structure.xml,v 1.5 2004/12/28 18:09:47 awiesmann Exp $ -->
<part id="part_intro">
	<title>Introduction</title>	
	&chapter_introduction;
</part>

<part id="part_design_web_security">
	<title>Designing Web Security</title>
	&chapter_design_web_security;
</part>

<part id="part_web_app_security_tech">
	<title>Security Techniques</title>
	&chapter_web_app_security_tech;
	&chapter_security_techniques;
</part>

<part id="part_common_web_security_attacks">
	<title>Web Security Attacks</title>
	&chapter_common_web_security_attacks;
</part>

<part id="part_language_and_tech_specific_guidelines">
	<title>Language and Technology Specific Guidelines</title>
	&chapter_language_and_tech_specific_guidelines;
</part>

<!--&references;-->
<part id="part_appendixes">
	<title>Appendixes</title>
	&gnu_free_doc_licence;
</part>
