<!-- $Id: guide_info.xml,v 1.7 2004/12/31 14:26:50 awiesmann Exp $ -->
<bookinfo>
	<title>A Guide to Building Secure Web Applications and Web Services</title>
	<mediaobject>
		<imageobject>
			<imagedata fileref="images/owasplogo.jpg" format="JPEG"/>
		</imageobject>
	</mediaobject>
	<subtitle>DRAFT - The Open Web Application Security Project</subtitle>
	<authorgroup>
		<author>
			<firstname>Mark</firstname>
			<surname>Curphey</surname>
			<affiliation>
				<orgname>The Open Web Application Security Project</orgname>
			</affiliation>
			<affiliation>
				<orgname>Watchfire</orgname>
			</affiliation>
			<authorblurb>
				<para>OWASP Founder and Project Leader. Director of Security Solutions at Watchfire - http://www.watchfire.com</para>
				<para>
					<email>mark@curphey.com</email>
				</para>
			</authorblurb>
			<contrib>Wrote a significant portion of the original OWASP Guide as well as re-writes and new content for version 2.0. Joint maintainer and project manager of the OWASP Guide project.
			</contrib>
		</author>
		<author>
			<firstname>David</firstname>
			<surname>Endler</surname>
			<affiliation>
				<orgname>iDefense</orgname>
			</affiliation>
			<authorblurb>
				<para>
					<email>dendler@idefense.com</email>
				</para>
			</authorblurb>
		</author>
		<author>
			<firstname>William</firstname>
			<surname>Hau</surname>
			<authorblurb>
				<para>
					<email>whau@uk.ibm.com</email>
				</para>
			</authorblurb>
		</author>
		<author>
			<firstname>Steve</firstname>
			<surname>Taylor</surname>
			<affiliation>
				<orgname>Bank of America</orgname>
			</affiliation>
		</author>
		<author>
			<firstname>Tim</firstname>
			<surname>Smith</surname>
			<affiliation>
				<orgname>Alpha West - Australia</orgname>
			</affiliation>
			<authorblurb>
				<para>
					<email>tim@owasp.org</email>
				</para>
			</authorblurb>
		</author>
		<!--
		<author>
			<firstname>Alex</firstname>
			<surname>Russell</surname>
			<affiliation>
				<orgname>OWASP Filters project</orgname>
			</affiliation>
			<affiliation>
				<orgname>SecurePipe Inc.</orgname>
			</affiliation>
			<affiliation>
				<orgname>netWindows.org</orgname>
			</affiliation>
			<authorblurb>
				<para>Lead developer of the netWindows DOM DHTML GUI toolkit, joint maintainer and project manager of the OWASP Guide project, tech lead for OWASP	Filters.</para>
				<para>
					<email>alex@netWindows.org</email>
				</para>
			</authorblurb>
			<contrib>Worked to move document to DocBook and CVS. Provided editorial	oversight for v1.1.x
			</contrib>
		</author>
		-->
		<author>
			<firstname>Gene</firstname>
			<surname>McKenna</surname>
			<affiliation>
				<orgname>Bluedot Software</orgname>
			</affiliation>
			<authorblurb>
				<para> Software Architect and Business Consultant. Chief Technology Officer, Bluedot Software. http://www.bluedot.com
				</para>
			</authorblurb>
			<contrib>Contributed content to chapters 10 and 11 and source code samples for mitigating some common attacks. 
			</contrib>
		</author>
		<author>
			<firstname>Adrian</firstname>
			<surname>Wiesmann</surname>
			<affiliation>
				<orgname>SOMAP.org / SwordLord</orgname>
			</affiliation>
			<authorblurb>
				<para>Software Architect and Security Engineer.</para>
				<para>
					<email>awiesmann@swordlord.org</email>
				</para>
			</authorblurb>
			<contrib>Wrote the Web Services chapter and is the Guide's Editor.</contrib>
		</author>
		<author>
			<firstname>Abraham</firstname>
			<surname>Kang</surname>
			<affiliation>
				<orgname>Apexon / Security Systems Architect</orgname>
			</affiliation>
			<authorblurb>
			<para>JSR 155 (Java API for SAML) Expert member</para>
			<para><email>abraham_kang@yahoo.com</email></para>
			</authorblurb>
		</author>
		<author>
			<firstname>Christopher</firstname>
			<surname>Todd</surname>
			<affiliation>
				<orgname>Ernst &amp; Young, LLP</orgname>
			</affiliation>
			<authorblurb>
				<para>Former web application developer for a website hosting company, and currently a security consultant focusing on application security and the infrastructure on which web applications depend.</para>
				<para>
					<email>christopher.todd@ey.com</email>
				</para>
			</authorblurb>
			<contrib>Wrote the Java-language section of Chapter 14, as well as the section on MVC and Model 1/Model 2 in the architectures chapter.</contrib>
		</author>
		<author>
			<firstname>Mikael</firstname>
			<surname>Simonsson</surname>
			<affiliation>
				<orgname></orgname>
			</affiliation>
			<authorblurb>
				<para>
					<email>mikael.simonsson@bluemist.se</email>
				</para>
			</authorblurb>
			<contrib>Wrote PHP section of Chapter 14.</contrib>
		</author>
		<author>
			<firstname>Jeremy</firstname>
			<surname>Poteet</surname>
			<affiliation>
				<orgname>appDefense</orgname>
			</affiliation>
			<authorblurb>
				<para>Chief Security Officer at appDefense - http://www.appdefense.com</para>
				<para>
					<email>jpoteet@appdefense.com</email>
				</para>
			</authorblurb>
			<contrib>Re-wrote and contributed a significant portion to the OWASP Guide version 2.0. Joint maintainer and project manager of the OWASP Guide project.
			</contrib>
		</author>
		<author>
			<firstname>Darrel</firstname>
			<surname>Grundy</surname>
			<affiliation>
				<orgname></orgname>
			</affiliation>
			<authorblurb>
				<para></para>
				<para>
					<email></email>
				</para>
			</authorblurb>
			<contrib>
			</contrib>
		</author>
		<author>
			<firstname>K.K.</firstname>
			<surname>Mookhey</surname>
			<affiliation>
				<orgname>Network Intelligence (I) Pvt. Ltd.</orgname>
			</affiliation>
			<authorblurb>
				<para></para>
				<para>
					<email>cto@nii.co.in</email>
				</para>
			</authorblurb>
			<contrib>
			</contrib>
		</author>
		<author>
			<firstname>Derek</firstname>
			<surname>Browne</surname>
			<affiliation>
				<orgname></orgname>
			</affiliation>
			<authorblurb>
				<para>CISSP</para>
				<para>
					<email></email>
				</para>
			</authorblurb>
			<contrib>
			</contrib>
		</author>
		<editor>
			<firstname>Adrian</firstname>
			<surname>Wiesmann</surname>
			<authorblurb>
				<para>
					<email>awiesmann@swordlord.org</email>
				</para>
			</authorblurb>
		</editor>
	</authorgroup>
	<publisher>
		<publishername>The Open Web Application Security Project</publishername>
	</publisher>
	<printhistory>
		<para>June 2002: First Edition.</para>
		<para>April 2004: DRAFT.</para>
		<para>December 2004: DRAFT.</para>
		<para>January 2005: DRAFT.</para>
	</printhistory>
	<copyright>
		<year>2002</year>
		<year>2003</year>
		<year>2004</year>
		<year>2005</year>
		<holder>The Free Software Foundation - http://www.fsf.org</holder>
	</copyright>
</bookinfo>
