<sect1>
	<title>Introduction</title>
	<para>Every software architect knows that they must be willing to spend the time to educate themselves in the principles of the trade. This chapter hopes to begin that awareness for the fundamental security principles that must be considered during the design of a secure web application. This will likely be the least sexy text you read on the topic but it is crucial to the consistent development of robust, secure applications. And anyway, you have Bruce Schneier for the spectacular stuff.
	</para>
	<para>The security principles we will discuss in the following pages are not necessarily specific in to the area of web application development. As with many things that rely on common sense the list of security principles listed here cross realms from web apps to thick applications, to client/server apps to the physical world. The fact that there is such a wide applicability of these principles is further evidence that they are truly fundamentals.
	</para>
	<para>There is a distinction between software developers and software designers. The distinction is that difference between knowledge and understanding. The designer has the experience to recognize patterns in systems and fundamental principles in action.
	</para>
	<para>This is not to say that developers are incompetent or of a lesser ilk at all; simply that experience is the requirement to become an architect....or an excellent developer!
	</para>
	<para>There some truisms in information security:
	</para>
	<para>
	"Security is a process"
	</para>
	<para>
	"Security is hard"
	</para>
	<para>
	"there's no such thing as a machine-generated random number"
	</para>
	<para>These are not principles. These are statements of fact that software architects know and understand. But these statements do not really help anyone build a better application. To get to the principles we want to talk about we have to take a longer road and understand what we are doing in software development and why.
	</para>
	
	<para>A design must arise from:
	</para>
	
	<itemizedlist mark="opencircle" spacing="compact">
		<listitem>
			<para>a Problem</para>
		</listitem>
		<listitem>
			<para>an understanding of the problem and it's context</para>
		</listitem>
		<listitem>
			<para>a scientific reduction of the problem into manageable units</para>
		</listitem>
		<listitem>
			<para>a series of steps to solve each problem unit</para>
		</listitem>
		<listitem>
			<para>integration of the steps to a complete solution</para>
		</listitem>
	</itemizedlist>
	
	<para>Notice that nowhere here is there a point that says "Apply principle #6" or "Refer to principle list to solve problems like X." That is not how this works.
	</para>

	<para>The principles are applied (almost unconsciously) throughout the process of designing the solution and even as the designer is working to understand the problem. This, not so coincidentally, supports one of the truisms above - security is a process.
	</para>
	
	<para>Also, principles are not intended to address specific attacks against resources. They are the countermeasures that is applied to a solution strategy that results in a solution that not only solves the problem at hand - or a whole category of problems - but contains an essence of security throughout. Ideally, security is so integrated with the overall solution that it is transparent. It does not act as a roadblock to getting productive work done and yet ensures proper access and authorization, for example.
	</para>
	
	<para>So what are these principles that we have been talking around up until now?
	</para>

	<itemizedlist mark="opencircle" spacing="compact">
		<listitem>
			<para>Defense in Depth</para>
		</listitem>
		<listitem>
			<para>Asset / Data Classification</para>
		</listitem>
		<listitem>
			<para>Access Control</para>
		</listitem>
		<listitem>
			<para>Segregation of Duties</para>
		</listitem>
		<listitem>
			<para>Compartmentalization</para>
		</listitem>
		<listitem>
			<para>Reuse of Trusted Components</para>
		</listitem>
		<listitem>
			<para>Least Privilege</para>
		</listitem>
		<listitem>
			<para>Simplicity</para>
		</listitem>
	</itemizedlist>

	<para>Though there is no prioritization of the order, the principles listed here are logically related. For instance the topics of Data Classification and Access Control are related since Access Control cannot be efficiently maintained without proper Data Classification. Throughout the discussion below on these areas it is important to remember that there these principles are as important for the physical alarm system in your house as it is for the application you are developing at work.
	</para>
	
</sect1>

<sect1>
	<title>Defense In Depth</title>
	<sect2>
		<title>Definition</title>
		<para>The principle of Defense In Depth is that of layering the compensating controls that make up the total protection of a resource. It is the understanding that any single control used to protect a resource may be inadequate in some way or simply fail under unexpected circumstances.
		</para>
		
		<para>To combat the paranoia that accompanies the protection of a valuable target security professionals have always arrived at the same solution : Multiple layered safeguards to compensate for failure of any one. This is not always the most cost-effective solution but it is often the most secure solution.
		</para>	
	</sect2>
	
	<sect2>
		<title>Purpose/value of the principle</title>
		<para>This principle has value in that it is based on the need for assurance. By layering on protection to a target the security architect is attempting to build confidence in the security of the system as a whole. If there is a failure in any single element of security then another overlapping element should be able to compensate for the failure.
		</para>
		
		<para>If security is defined as CIA - Confidentiality, Integrity and Availability then this is very much an 'Availability' requirement for security itself. Measurement of the availability of the control can be accomplished just like it can for the uptime of a service or system.
		</para>
	</sect2>
	
	<sect2>
		<title>Story around principle</title>
		<para>Peter Tippet of TruSecure, ICSA and Information Security magazine fame discussed the topic of Defense in Depth very clearly back in 2002 ( http://infosecuritymag.techtarget.com/2002/feb/columns_executive.shtml ). At that time he coined the term 'Defense in Breadth' to talk about how to apply a Baysian analysis to overlapping security controls to ensure the proper coverage in the event a controls began to fail.
		</para>
		
		<para>"The statistical theory I use behind the concept of synergistic security is called Baye's Theorem, which describes a "new" probability (control effectiveness) given a "prior" probability (see chart, opposite). If one control is 80 percent effective, then it fails one out of five times. Two controls, each 80 percent effective, together will fail one out of 25 times. Three 80 percent effective controls, operating together, will fail one out of 125 times. In other words, they will succeed with a likelihood of 99.2 percent."
		</para>
		<para>
		(Peter Tippet, February, 2002, Information Security Magazine)
		</para>
		
		<para>In the many cases that security fails there is often only a single (if that) control in place protecting resources. Inevitably this is due to a cost consideration.
		</para>
	</sect2>
	
	<sect2>
		<title>Example</title>
		<para>Consider the scenario of a web application breach. In the event of a XSS attack on a web application the security has been violated because of a number contributing factors not the least of which is a vulnerable web application. There is often a user action involved - for instance clicking on an unsolicited email with a malicious link in it - and a browser that is mis-configured and a lack of various other controls.
		</para>
		<para>Now consider all the controls that can be put in place to address some part of the problem?
		</para>
		
		<itemizedlist mark="opencircle" spacing="compact">
			<listitem>
				<para>a firewall (to protect against injection of XSS script directly to the database)</para>
			</listitem>
			<listitem>
				<para>an IDS (to detect injection of XSS script through the web interface</para>
			</listitem>
			<listitem>
				<para>a spam filter (to stop an email with the XSS link being delivered to the user)</para>
			</listitem>
			<listitem>
				<para>user awareness education (to stop them from clicking on the link)</para>
			</listitem>
			<listitem>
				<para>log review (?of the attacker probing the system)</para>
			</listitem>
			<listitem>
				<para>the patch web browser</para>
			</listitem>
			<listitem>
				<para>the patch web server (in the event the XSS is in the HTTP verbs eg. TRACE)</para>
			</listitem>
			<listitem>
				<para>automated server code scanning</para>
			</listitem>
			<listitem>
				<para>implemented peer code review</para>
			</listitem>
			<listitem>
				<para>web app developer security awareness education</para>
			</listitem>
			<listitem>
				<para>an application layer gateway (to eliminate the XSS activity in progress)</para>
			</listitem>
		</itemizedlist>
		
		<para>If only a few of these activities are implemented then the opportunity for XSS is virtually eliminated and yet each bears a cost and thus the selection is reduced.
		</para>
		
	</sect2>
	
	<sect2>
		<title>History or applicability in real world</title>
		<para>In the real world it is difficult to justify spending the already slim security budget dollars on a solution that will only provide 80% 'security' and then request more budget for an overlapping control. The questions is often what is the 100% secure solution rather than what combination of controls in place will provide 100%. The real test comes in the event of an attack.
		</para>
	</sect2>
</sect1>

<sect1>
	<title>Asset / Data Classification</title>
	<sect2>
		<title>Definition</title>
		<para>The area of data classification is really the essence of what security is about and is really why we even bother with the topic. We want to specify what it is we are protecting in a manner that will allow us to efficiently protect it.  The terms 'data' and 'asset' can be used interchangeably here because we are referring to the definition of a sensitive resource - it may be a database or a console keyboard.
		</para>
	</sect2>
	
	<sect2>
		<title>Purpose/value of the principle</title>
		<para>To even attempt to implement a security control for a sensitive resource we need to quantify the cost of that resource. This is the only way we can decide if it is actually worth protecting.
		</para>
		<para>There is no use spending more on the security around a set of data if the asset is worth nothing and will not cause us to spend money if we loose it! Imagine trying to justify to your boss that you need to spend $250,000 on a cool new Application Level Gateway that will ensure that the company web site is safe from cross-site scripting, SQL injection, buffer overflows, tampered parameters and XML entity attacks only to realize that the company website only serves static web content that provides contact information to for sales staff.
		</para>
		<para>If there is no truly sensitive asset on the site then there is likely to be a very low risk of it being hacked - its just not going to be a target. And - more importantly - even if it is hacked for potential in as a zombie or remailer, with no leakage of private data like credit card numbers or personal health record details the cost of the loss is fairly low too - perhaps just the time to rebuild the machine. Granted this can be painful but not quarter-of-a-million-dollars painful!
		</para>
		<para>It is easy to see when an asset is not valuable but it is more difficult to actually state the value of an asset that is sensitive. It can be quantified in a number of ways based on various criteria such as the amount of dollars transferred or the amount that a fraud using the information could cost, but how much does the loss of health data cost? Is it the amount the company would need to pay to achieve a settlement out of court? How can that be predicted?
		</para>
	</sect2>
	<sect2>
		<title>History or applicability in real world</title>
		<para>One common risk analysis method that has become formalized is to calculate the ALE - the Annual Loss Expectancy. This is rather academic and often considered unusable in the real world. The idea is to estimate as accurately as possible the value of an asset if all or part of it was lost as a result of a security threat actually exploiting a vulnerability. Once you know this - not simple at all - you can then extrapolate the cost of a single event loss (the Single Loss Expectancy or SLE) and then how often you expected to be exploited annually, the Annual Rate of Occurance. From this the Annual Loss Expectancy can be calculated and the cost of all of the security controls that directly protect this information assets should not exceed that ALE dollar figure.
		</para>
		<para>The criticism is that this helps not at all in deciding the value of the asset and even when you arrive at the ALE there has been so much voodoo in the calculations they are likely to be meaningless.
		</para>
	</sect2>
	<sect2>
		<title>Example</title>
		<para>This is also a principle that is felt by all members of an organization. Each employee usually should be required to acknowledge a Corporate code of conduct or security policy. This is where data classification is often codified. By establishing a tiered set of classifications that all employee adhere to the principle creates a policy. Many organizations create a system where work product such as source code or documents are labeled as Confidential , Internal Use, and Public. Sometimes there is greater resolution for control that include Restricted, or Secret labels as well. This can be useful but often just serves to muddy the waters and leave the author of a document lost in a haze attempting to figure out if the text is Restricted or Confidential. Without excruciating detail in the definition of the classification scheme there are always grey areas. And of the detail is actually excruciating it is unlikely to ever be read unless you are in a military organization. When it comes to this argument it is always best to follow the other two relevant principles - keep the system SIMPLE and only distribute the text to those who NEED TO KNOW.
		</para>
		<para>With regard to web application security this principle is crucial to understand. There must be clear direction as to how an application should handle data that is classified as sensitive in some way. This clarity is translated into code by designers and developers through the use of secure coding techniques and technologies such as cryptography to protect the data's confidentiality and integrity. Exactly how much effort goes into designing and developing - and perhaps purchasing toolkits etc. - is defined by the value assigned to the data itself - what is it worth?
		</para>
	</sect2>
</sect1>

<sect1>
	<title>Access Control</title>
	<sect2>
		<title>Definition</title>
		<para>Access control is the act of?well?.controlling access to resources. This can be through many different mechanisms from locks on doors to application restrictions to encrypted file systems. The type of control that is selected is heavily dependant on the data classification, and media. Paper copies of sensitive text obviously need physical controls put in place to secure them - files stored on disk require logical controls in the form of encryption or file system permission - preferably both!
		</para>
		<para>There are a number of paradigms discussed with regard to access controls. Mandatory Access Control scheme depend completely on the classifications that are established in by the data classification principle. A user or application is labeled with a clearance level and has access to data of that classification level or lower.  This is usually combined with the principle of least privilege to ensure that even if a user has the possibility of access a data element, if they don't require that data to perform the task at hand, they do not get the privilege to access it. This is most commonly since in military type environments where control over access to all elements is strictly adhered to.
		</para>
		<para>The other popular scheme, the one that most computer information security professionals are familiar with thanks to MS and SUN, is the Discretional Access Control Model. In this paradigm the individual can be assigned to an Access Control List (ACL) that provides them the right to access a resource such as a directory or file or object in memory. The user can also grant that permission to others by altering the ACLs directly. This is a much looser or more distributed control model. There is no one central authority that dictates what access is permitted - once access is granted to change a resource the right can be delegated to others. This makes the privilege system very flexible but also very messy.
		</para>
	</sect2>
	
	<sect2>
		<title>Purpose/value of the principle</title>
		<para>The goal of any access control mechanism is to ensure that only the appropriate people and applications can view, read, write, delete the data specified. This is simply that only authorized users can access the protected resource.
		</para>
		<para>The controls that provide the security professional with the ability to control access are frequently the very controls that people identify with the common notion of security. It is the passwords, retinal scanners and encryption that people know from Hollywood movies and the things they have to interact with on a day to day basis. It is important to consider the usability of the controls we attempt to implement in our applications.  Balancing this with the sensitivity of the data is the job of the software architect and the education of the end user is the role of the trainer. If the end user accepts that they are dealing with data that deserves protection then there is a far better chance they will not attempt to bypass all the hard work that goes into implementing the access control mechanisms by, for instance, not logging out when they leave the shared computer or sharing account passwords, etc.
		</para>
		<para>It is the deliberate and malicious bypassing of access controls that application developers and designer are required to really consider. How is one to safeguard against the attacks of a concerted attempt to break the mechanisms in place? By far the most effective is the paranoia instilled by the threat of being monitored. A large portion of the attackers are not professional paid-hackers. Most are curious kids running tools they didn't write themselves. With the fear that they are being tracked they simply will not bother. Unfortunately this can be the most labor intensive part of security - no one want to hire a security guard to read logs all day and it simply is not practical. Log review is crucial and live alerting is an excellent option if you are in that position to react to incidents and scare off the script kiddies but often this is not the case.
		</para>
		<para>Another technique to discourage attacks against access controls is to detect the attempts to brute force the control and to disable the connectivity to that attacker or to disable the account itself. The latter has the obvious problem of also locking out the legitimate user of the account from remote access. For instance the administrators account is always required but if it is locked out from remote access then the system administrator has to actually walk to the console to log in - this may be difficult if there are large geographic distances to be considered. A fairly sophisticated algorithm to decide the parameters around account lockout can be found in the DISA Application Security Checklist (March 26, 2004 Version 2, Release 1.2 - unclassified, pg 25) :
		</para>
		<screen>"?the authentication process must disable the user account for a period of not less than 15 minutes if a user enters a password incorrectly more than three times in a 30 minute period."
		</screen>
		<para>This is a fairly simple statement with powerful consequences. 
		</para>
		<para>The designer of a software application should thoughtfully consider the entire lifecycle of the data from a security point of view. The registration of users, authentication, storage of data to the file systems, reporting, batch input of data, deletion of data or accounts, interaction with other applications all must be considered to properly ensure access to resources is controlled.
		</para>
	</sect2>
	
	<sect2>
		<title>History or applicability in real world</title>
		<para>Of course the decision on what resources to protect is usually the first to be addressed. It is often apparent if a piece of data needs to be encrypted as it may be explicitly stated by a customer, legal or internal policy requirement. In these case the question as to what to protect is very simple. The more difficult choice comes when you need to decide what not to protect.
		</para>
		<para>As noted above it is imperative for the designer and developers of a software system to understand the larger context that they are building the application to exist in. For example, if the solution is run across a large number of servers to distribute data and load but all parts of a sensitive transaction end up eventually being aggregated to a single backup device then it is crucial that the design account for the security of this 'new' valuable target.
		</para>
	</sect2>
	<sect2>
		<title>Example</title>
		<para>Is health care history or prescriptions filled considered sensitive piece of data about a person? It is if it is accompanied by personally identifiable information. But if it cannot be tied to a single person or family then who cares? It is just information that is orphaned as far as unauthorized people are concerned. Those who are authorized will be provided a means to link that data to a person when they need to. This is important to consider when confronted with the question of what to encrypt in the database. It is a career destroying decision to attempt to encrypt all data in every table. Not only will the standard database grind to a halt under the processing burden but you will have lost any possibility of ever troubleshooting a problem in the database and you can simply forget about attempting to search or index anything there.
		</para>
	</sect2>
</sect1>

<sect1>
	<title>Segregation of Duties</title>
	<sect2>
		<title>Definition</title>
		<para>The principle of segregation of duties is that of ensuring that one single individual has access to too much power.
		</para>
	</sect2>
	
	<sect2>
		<title>Purpose/value of the principle</title>
		<para>The purpose of this is to combat the internal threats of fraud, sabotage, and data theft/leakage. If any single individual is capable of control a large part of a business process such as a change management process or responsible for a complete security mechanism then there is the potential for that great amount of power to be exploited. Whether the threat is deliberate or the person under duress the threat remains.
		</para>
		<para>As far as application security is concerned there must be the consideration of granting too great a capability to any single user. Application designers must work under the assumption that though users must have a flexible product to work with they also are evil and nefarious or, have a gun to their head. Therefore understanding the business process that an application is intended to support is important. It is the designers responsibility to look for opportunities to separate the tasks such as approvals in the workflow.
		</para>
	</sect2>
	<sect2>
		<title>Example</title>
		<para>Consider the scenario of a simple online intranet employee expense application. The typical Expense web app allows an employee to authenticate themselves and enter one-by-one line items of things they have purchased and want the company to reimburse them for. Receipts are required to support the employees claims that they - for example - took $140 in taxi's on the last business trip and they were all legitimate cab rides.
		</para>
		<para>In the standard work flow of this business process the employee logs in and enters all the data and clicks submit. They then package up their receipts and ship them of to the Accounting department to match up and review with the claimed expenses. The electronic submission either goes to the employees manager for approval and then to the accounting department or vice versa - it doesn't really matter which comes first.
		</para>
		<para>The role of the employees manager is to approve the expense claims and vouch that they are reasonable - after all the manager is in control of the budget. The Accounting department will pretty much accept what the manager approves as long as there is supporting evidence that the claimed transaction actually took place - a receipt.
		</para>
		<para>But what if an employee could approve their own expenses? Or what if the employee printed up a bunch of fake receipts and the manager was lax in inspecting the transaction an relied on the accounting dept to verify the transactions. What if the authentication just verified sufficient rights and not identified the individual?could the domain administrator then approve any one's expenses?
		</para>
		<para>If the application must be designed in such a manner as to permit speedy flow of approvals so the employee can get paid and also must ensure that the right person is logged in and consciously approves each part of the process. That is, the manager must be forced to inspect each line item to ensure it is reasonable rather than just hitting a large "APPROVE" button on the bottom of the web page. There should also be consideration that large dollar transaction should not only be approved by the manager but by his or her superior as well - this is the concept of sign authority and it combats a situation where the manager is in collusion with the employee.
		</para>
	</sect2>
	
	<sect2>
		<title>History or applicability in real world</title>
		<para>This straw-man scenario can be expanded much further with notions of fictitious employees and captured passwords - all of these frauds have already been executed and are nothing new. The point is that with the proper understanding of the work flow of the business problem the application solution can assist in protecting the process from itself by applying the principle of segregation of duties.
		</para>
	</sect2>
</sect1>
<sect1>
	<title>Least Privilege</title>
	<sect2>
		<title>Definition</title>
		<para>The principle of least privilege is commonly known as the 'need - to - know' principle. The idea is that if a person does not need a specific piece of information to perform their job there is no requirement for them to have access to it and they simply shouldn't get access at all.
		</para>
	</sect2>

	<sect2>
		<title>Purpose/value of the principle</title>
		<para>The goal of the principle is to provide a means to limit access to resources that may be labeled as accessible by a person or application but is rarely actually required. For instance a scheduling clerk at the doctors office has absolutely no need to view your patient history or prescriptions in order to book an appointment with a doctor so the doctor can sign your passport as a guarantor. But in most cases the clerk will have this ability at all times for no good reason. 
		</para>
	</sect2>

	<sect2>
		<title>Example</title>
		<para>The goal when designing to this principle is not necessarily to restrict our fictional clinic clerk from exploiting the information but to plug a hole that could permit an attacker access to the information - for instance if the clerk selected a poor password to the application.
		</para>
		<para>In the event that there are other weak controls around logical access to the system housing the patient database or controls for physical access to the keyboard, it is important that the breach that will likely occur have the most limited access possible to limit the amount of damage possible.
		</para>
		<para>Additionally if there truly is an internal threat this control aims at ensuring that a single employee is not able to breach the entire system alone. It forces those intending to take advantage of the resources to collude with others in specific positions to be successful. This means that only those with specific access may be able to obtain all the necessary information to perpetrate a fraud or identity theft. Identifying the correct people will certainly raise suspicions and even if the nefarious deed comes off successfully by the 2 or more people involved they now must all keep it secret among themselves for ever - highly unlikely especially if caught and questioned.
		</para>
	</sect2>
	
	<sect2>
		<title>History or applicability in real world</title>
		<para>This principle is becoming far more relevant in the non-military world in recent years due to legal requirements such as Sarbanes-Oxley in the USA and Bill 198 in Canada that require proper application controls be in place.
		</para>
	</sect2>
</sect1>

<sect1>
	<title>Compartmentalization</title>
	<sect2>
		<title>Definition</title>
		<para>Along with the principle of least privilege, the principle of Compartmentalization provides protection against blended threats that work together either deliberately of inadvertently to gain access to resources. The notion of separating the access of a user or application into discreet and distinct modules has many benefits. It is certainly good practice from a development point of view.
		</para>
	</sect2>

	<sect2>
		<title>Purpose/value of the principle</title>
		<para>The idea of compartmentalization lends itself to application design and development more directly than most of the other principles discussed here. The notion of building a system of components that work together and rely on each other in predictable and reusable ways is not foreign to software architects - it is exactly what most aspire to!
		</para>
		<para>Again we can build on the previous statement that relate to what an entity can access. Compartmentalization provides a means to control what resources are used to perform an action and provide results back to the requestor. The component is an opaque object that does what it needs to respond to the request.
		</para>
	</sect2>
	
	<sect2>
		<title>Example</title>
		<para>If we consider the example of a simple web server we can perhaps understand the concept a little more clearly. The web server is a component that has the single purpose (in this case at least) of providing responses to requests of the clients. By receiving input and doing what ever is necessary - within its power - to provide a satisfactory answer the web server illustrates the principle of compartmentalization.
		</para>
		<para>To provide the answer to the client the server may need to simply open an HTML file and send it down the network connection to the client. Or it may need to instantiate an application that will do all sorts of elaborate tasks such as building other connections to database server and application server and perform input validation (of course!) before being able to compute the response and provide it to the client. In either case from the point of the client or the network connection the server is simply acting as an opaque object that is responsible for providing a response - whatever that takes.
		</para>
	</sect2>
</sect1>

<sect1>
	<title>Reuse of Trusted Components</title>
	<sect2>
		<title>Definition</title>
		<para>A software component that acts as a black-box with clearly defined inputs and outputs can be a good candidate for reuse. The reuse of trusted components is essential to secure coding efforts. It is the consistent with the previous principle of compartmentalization in that the code modules are defined and made available to a wider development audience. The library of components can be built to be reused.
		</para>
	</sect2>
	
	<sect2>
		<title>Purpose/value of the principle</title>
		<para>The goal is to build a library of components that can be used in as many products or services as possible. The more often the component is reused the better it has been built and - if it is successful - the more trust we can invest in it as a sound part of the entire system.
		</para>
	</sect2>
	
	<sect2>
		<title>Story around principle</title>
		<para>As there is a continued use of the component there will be a need to update it with a new version. This is simply an inevitable part of the software world. Whether the new version is to address a bug, security exposure, or to add a new feature there will likely be a need to provide a backward compatibility path to ensure that as the upgrades are rolled out to the existing install base there are no interruptions in service.
		</para>
	</sect2>

	<sect2>
		<title>Example</title>
		<para>One way that this principle often sees the light is in the effort to consolidate systems that are in common use in an organization. Systems such as storage systems are often good candidates. Pulling the use of storage together into a storage area network (SAN) in a manner that provides a common method for all, or a number of applications, to use the SAN is a good example of the topic.
		</para>
		<para>For an example of an application technology that is prime for reuse is the act of authentication. This is big business today. Some of the biggest players in the software industry are providing solutions in this arena. Netegrity, Oracle, Entrust, Microsoft, Sun, IBM - all are offering a means to not only provide authentication but also to tackle the whole problem of provisioning users and devices and terminating the accounts when necessary. They will also assist in management at every step along the way from authentication to authorization and accounting/logging. Applications can take advantage of these solutions by subscribing to the exposed API and following the instructions. The added benefit here is that the developer has the support of a third party that is, or should be, committed to assisting the development. 
		</para>
	</sect2>
</sect1>
		
<sect1>
	<title>Simplicity</title>
	<sect2>
		<title>Definition</title>
		<para>Saving the best to last... simplicity is the best way to ensure that things go as expected. There is an argument that software engineering is like no other type of engineering - that there is no single person that is likely to be able to understand all parts of a complex system of interlocking software components but that the simple and standard principles of a discipline like architecture can allow any good building architect understand the intricacies of a skyscraper. Whether or not we believe that (and I don't by the way) we do have to agree that the benefit of simplifying software designs and choosing development methods that simplify the implementation is a positive thing.
		</para>
	</sect2>

	<sect2>
		<title>Purpose/value of the principle</title>
		<para>The goal of simplifying design and development efforts is to provide application design and development teams with a means to increase the development speed and maintain a high level of trust in the resulting product.
		</para>
	</sect2>
</sect1>

<sect1>
	<title>Conclusion</title>
	<para>In the few previous pages we have touched on the basic principles - the fundamentals - of security. Specifically for software design there are plenty of excellent resources that you can refer to to understand design patterns and methodologies that will assist in the success of a project - and I strongly encourage you to hunt those resources out - this book is one of them. But in the end if the fundamentals are missing then failure is assured.
	</para>
</sect1>

<sect1>
	<title>References</title>
	<para>Tippet on Bayes Theorem
	</para>
	<para>
	http://infosecuritymag.techtarget.com/2002/feb/columns_executive.shtml
	</para>
</sect1>

