<!-- $Id: bibliography.xml,v 1.3 2004/02/19 16:24:09 awiesmann Exp $ -->
<!--
Unsorted books references:

The Order of Encryption and Authentication for Protecting Communications by Hugo Krawczyk

Software Fault Injection by ?

-->
<appendix id="bibliography">
   <appendixinfo>
   </appendixinfo>
   <bibliography>
	<title>Bibliography</title>
	<bibliodiv>
		<title>Web-based resources</title>
		<!--  I need to figure out how to do a web site.  I think this is how to do it. -->
		<biblioentry id="Wheeler02" xreflabel="Wheeler, 2002">
			<authorgroup>
				<author>
					<firstname>David</firstname>
					<surname>Wheeler</surname>
				</author>
			</authorgroup>
			<copyright>
				<year>2002</year>
				<holder>David A. Wheeler</holder>
			</copyright>
			<productname>Secure Programming for Linux and Unix HOWTO</productname>
			<releaseinfo>
				<ulink url="http://www.dwheeler.com/secure-programs/"/>
			</releaseinfo>
		</biblioentry>
		<biblioentry id="SunJCE03" xreflabel="Sun Microsystems, 2003">
			<authorgroup>
				<author>
					<firstname></firstname>
					<surname></surname>
				</author>
			</authorgroup>
			<copyright>
				<year>2003</year>
				<holder>Sun Microsystems, Inc.</holder>
			</copyright>
			<productname>Java Cryptography Extension</productname>
			<releaseinfo>
				<ulink url="http://java.sun.com/products/jce/"/>
			</releaseinfo>
		</biblioentry>
		<biblioentry id="Aleph196" xreflabel="Aleph One, 1996">
			<authorgroup>
				<author>
					<firstname>Aleph</firstname>
					<surname>One</surname>
				</author>
			</authorgroup>
			<copyright>
				<year>1996</year>
				<holder>Aleph One</holder>
			</copyright>
			<productname>Smashing The Stack For Fun And Profit</productname>
			<releaseinfo>
				<ulink url="http://www.phrack.com/show.php?p=49&amp;a=14"/>
			</releaseinfo>
		</biblioentry>
		<biblioentry id="Donaldson02" xreflabel="Donaldson, 2002">
			<authorgroup>
				<author>
					<firstname>Mark</firstname>
					<surname>Donaldson</surname>
				</author>
			</authorgroup>
			<copyright>
				<year>2002</year>
				<holder>Mark E. Donaldson</holder>
			</copyright>
			<productname>Inside the Buffer Overflow Attack: Mechanism, Method, &amp; Prevention</productname>
			<releaseinfo>
				<ulink url="http://www.sans.org/rr/code/inside_buffer.php"/>
			</releaseinfo>
		</biblioentry>
		<biblioentry id="SnakeOil98" xreflabel="Snake Oil, 1998">
			<authorgroup>
				<author>
					<firstname>Matt</firstname>
					<surname>Curtin</surname>
				</author>
			</authorgroup>
			<copyright>
				<year>1998</year>
				<holder>Matt Curtin</holder>
			</copyright>
			<productname>Snake Oil Warning Signs: Encryption Software to Avoid</productname>
			<releaseinfo>
				<ulink url="http://www.interhack.net/people/cmcurtin/snake-oil-faq.html"/>
			</releaseinfo>
		</biblioentry>
		<biblioentry id="XMLEnc03" xreflabel="XML Encryption proof of concept, 2003">
			<authorgroup>
				<author>
					<firstname>James</firstname>
					<surname>Picklesimer</surname>
				</author>
			</authorgroup>
			<copyright>
				<year>2003</year>
				<holder>James E. Picklesimer, Jr.</holder>
			</copyright>
			<productname>Keysigner Client v101</productname>
			<releaseinfo>
				<ulink url="http://sign.myxmldoc.com/"/>
			</releaseinfo>
		</biblioentry>
	</bibliodiv>
	<bibliodiv>
		<title>Books</title>
		<biblioentry id="Anderson01" xreflabel="Anderson, 2001">
			<authorgroup>
				<author>
					<firstname>Ross</firstname>
					<surname>Anderson</surname>
				</author>
			</authorgroup>
			<copyright>
				<year>2001</year>
				<holder/>
			</copyright>
			<isbn>0-471-38922-6</isbn>
			<publisher>
				<publishername>
				John Wiley &amp; Sons, Inc.
				</publishername>
			</publisher>
			<title>Security Engineering</title>
			<subtitle>A Guide to Building Dependable Distributed Systems</subtitle>
			<!--
				<pagenums></pagenums>
			-->
		</biblioentry>
		<biblioentry id="Gong99" xreflabel="Gong, 1999">
			<authorgroup>
				<author>
					<firstname>Li</firstname>
					<surname>Gong</surname>
				</author>
			</authorgroup>
			<copyright>
				<year>1999</year>
				<holder>Addison-Wesley</holder>
			</copyright>
			<isbn>0-201-31000-7</isbn>
			<publisher>
				<publishername>Addison-Wesley</publishername>
			</publisher>
			<title>Inside Java 2 Platform Security</title>
			<subtitle>Architecture, API Design, and Implementation</subtitle>
			<!--
				<pagenums></pagenums>
			-->
		</biblioentry>
                		<biblioentry id="MikeHoward" xreflabel="Howard, 2002">
			<authorgroup>
				<author>
					<firstname>Michael</firstname>
					<surname>Howard</surname>
				</author>
                                <author>
					<firstname>David</firstname>
					<surname>Le Blanc</surname>
				</author>
			</authorgroup>
			<copyright>
				<year>2002</year>
				<holder>Microsoft Corporation</holder>
			</copyright>
			<isbn>0-7356-1588-8</isbn>
			<publisher>
				<publishername>
				Microsoft Press
				</publishername>
			</publisher>
			<title>Writing Secure Code</title>
		</biblioentry>           
		<biblioentry id="Knudsen98" xreflabel="Knudsen, 1998">
			<authorgroup>
				<author>
					<firstname>Jonathan</firstname>
					<surname>Knudsen</surname>
				</author>
			</authorgroup>
			<copyright>
				<year>1998</year>
				<holder>O'Reilly &amp; Associates, Inc.</holder>
			</copyright>
			<isbn>1-56592-402-9</isbn>
			<publisher>
				<publishername>
				O'Reilly &amp; Associates, Inc.
				</publishername>
			</publisher>
			<title>Java Cryptography</title>
			<!--
				<pagenums></pagenums>
			-->
		</biblioentry>
		<biblioentry id="Oaks01" xreflabel="Oaks, 2001">
			<authorgroup>
				<author>
					<firstname>Scott</firstname>
					<surname>Oaks</surname>
				</author>
			</authorgroup>
			<copyright>
				<year>2001</year>
				<holder>O'Reilly &amp; Associates, Inc.</holder>
			</copyright>
			<isbn>0-596-00157-6</isbn>
			<publisher>
				<publishername>
				O'Reilly &amp; Associates, Inc.
				</publishername>
			</publisher>
			<title>Java Security</title>
			<edition>2nd. ed.</edition>
			<!--
				<pagenums></pagenums>
			-->
		</biblioentry>
		<biblioentry id="ViegaMcGraw02" xreflabel="Viega and McGraw, 2002">
			<authorgroup>
				<author>
					<firstname>John</firstname>
					<surname>Viega</surname>
				</author>
				<author>
					<firstname>Gary</firstname>
					<surname>McGraw</surname>
				</author>
			</authorgroup>
			<copyright>
				<year>2002</year>
				<holder>Addison-Wesley</holder>
			</copyright>
			<isbn>0201-72152-X</isbn>
			<publisher>
				<publishername>
				Addison-Wesley
				</publishername>
			</publisher>
			<title>Building Secure Software</title>
			<subtitle>How to avoid security problems the right way</subtitle>
			<!--
				<pagenums></pagenums>
			-->
		</biblioentry>
		<biblioentry id="WroxProServ" xreflabel="Galbraith, et al., 2002">
			<authorgroup>
				<author>
					<firstname>Ben</firstname>
					<surname>Galbraith</surname>
				</author>
				<author>
					<firstname>Whitney</firstname>
					<surname>Hankison</surname>
				</author>
				<author>
					<firstname>Andre</firstname>
					<surname>Hiotis</surname>
				</author>
				<author>
					<firstname>Murali</firstname>
					<surname>Janakiraman</surname>
				</author>
				<author>
					<firstname>Ravi</firstname>
					<surname>Trivedi</surname>
				</author>
				<author>
					<firstname>David</firstname>
					<surname>Whitney</surname>
				</author>
			</authorgroup>
			<copyright>
				<year>2002</year>
				<holder>Wrox Press</holder>
			</copyright>
			<isbn>1-86100-765-5</isbn>
			<publisher>
				<publishername>Wrox Press</publishername>
			</publisher>
			<title>Professional Web Services Security</title>
			<!--
				<pagenums></pagenums>
			-->
		</biblioentry>
	</bibliodiv>
</bibliography>
</appendix>
