<!-- $Id: glossary.xml,v 1.1 2004/02/13 14:39:46 awiesmann Exp $ -->
<glossary>
	<title>Glossary</title>
	
	<glossdiv>
		<title>0..9</title>
	</glossdiv>
	<glossdiv>
		<title>A</title>
	</glossdiv>
	<glossdiv>
		<title>B</title>
	</glossdiv>
	<glossdiv>
		<title>C</title>
	</glossdiv>
	<glossdiv>
		<title>D</title>
	</glossdiv>
	<glossdiv>
		<title>E</title>
	</glossdiv>
	<glossdiv>
		<title>F</title>
	</glossdiv>
	<glossdiv>
		<title>G</title>
	</glossdiv>
	<glossdiv>
		<title>H</title>
	</glossdiv>
	<glossdiv>
		<title>I</title>
	</glossdiv>
	<glossdiv>
		<title>J</title>
	</glossdiv>
	<glossdiv>
		<title>K</title>
	</glossdiv>
	<glossdiv>
		<title>L</title>
	</glossdiv>
	<glossdiv>
		<title>M</title>
	</glossdiv>
	<glossdiv>
		<title>N</title>
	</glossdiv>
	<glossdiv>
		<title>O</title>
	</glossdiv>
	<glossdiv>
		<title>P</title>
	</glossdiv>
	<glossdiv>
		<title>Q</title>
	</glossdiv>
	<glossdiv>
		<title>R</title>
	</glossdiv>
	<glossdiv>
		<title>S</title>
		
		<!-- ********** sgml ********** -->
		<glossentry id="sgml">
			<glossterm>Standard Generalized Markup Language</glossterm>
			<acronym>XML</acronym>
			<glossdef>
				<para>The Standard Generalized Markup Language (SGML) is a metalanguage in which one can define markup languages for documents. SGML is a descendant of IBM's "Generalized Markup Language" GML, developed in the 1960s by Charles Goldfarb, Edward Mosher and Raymond Lorie (whose surname initials also happen to be GML).</para>
				<glossseealso otherterm="xml">XML</glossseealso>
			</glossdef>
		</glossentry>
		
	</glossdiv>
	<glossdiv>
		<title>T</title>
	</glossdiv>
	<glossdiv>
		<title>U</title>
	</glossdiv>
	<glossdiv>
		<title>V</title>
	</glossdiv>
	<glossdiv>
		<title>W</title>
	</glossdiv>
	<glossdiv>
		<title>X</title>
		
		<!-- ********** XML ********** -->
		<glossentry id="xml">
			<glossterm>eXtensible Markup Language</glossterm>
			<acronym>XML</acronym>
			<glossdef>
				<para>XML (eXtensible Markup Language) is a standard maintained by the World Wide Web Consortium for creating special-purpose markup languages. It is general enough that XML-based languages can be used to describe a number of different kinds of data as well as text. Its primary purpose is to facilitate the sharing of structured text and information across the Internet.</para>
				<glossseealso otherterm="sgml">SGML</glossseealso>
			</glossdef>
		</glossentry>
		
	</glossdiv>
	<glossdiv>
		<title>Y</title>
	</glossdiv>
	<glossdiv>
		<title>Z</title>
	</glossdiv>
</glossary>
